Timestamp,Mode,SF,PacketID,UUID,Length,ToA_ms
2026-07-02T23:26:04.235581,FORM,7,0,b491486f-7d45-4162-bd92-97fad323defa,255,484
2026-07-02T23:26:04.970439,FORM,7,1,b491486f-7d45-4162-bd92-97fad323defa,255,484
2026-07-02T23:26:05.708144,FORM,7,2,b491486f-7d45-4162-bd92-97fad323defa,255,484
2026-07-02T23:26:06.440584,FORM,7,3,b491486f-7d45-4162-bd92-97fad323defa,255,484
2026-07-02T23:26:07.175186,FORM,7,4,b491486f-7d45-4162-bd92-97fad323defa,255,484
2026-07-02T23:26:07.910266,FORM,7,5,b491486f-7d45-4162-bd92-97fad323defa,255,484
2026-07-02T23:26:08.645338,FORM,7,6,b491486f-7d45-4162-bd92-97fad323defa,255,484
2026-07-02T23:26:09.380906,FORM,7,7,b491486f-7d45-4162-bd92-97fad323defa,255,484
2026-07-02T23:26:10.115407,FORM,7,8,b491486f-7d45-4162-bd92-97fad323defa,255,484
2026-07-02T23:26:10.852163,FORM,7,9,b491486f-7d45-4162-bd92-97fad323defa,255,484
2026-07-02T23:26:11.585470,FORM,7,10,b491486f-7d45-4162-bd92-97fad323defa,255,484
2026-07-02T23:26:12.320464,FORM,7,11,b491486f-7d45-4162-bd92-97fad323defa,255,484
2026-07-02T23:26:13.055452,FORM,7,12,b491486f-7d45-4162-bd92-97fad323defa,255,484
2026-07-02T23:26:13.790505,FORM,7,13,b491486f-7d45-4162-bd92-97fad323defa,255,484
2026-07-02T23:26:14.527722,FORM,7,14,b491486f-7d45-4162-bd92-97fad323defa,255,484
2026-07-02T23:26:15.262246,FORM,7,15,b491486f-7d45-4162-bd92-97fad323defa,255,484
2026-07-02T23:26:15.995584,FORM,7,16,b491486f-7d45-4162-bd92-97fad323defa,255,484
2026-07-02T23:26:16.732038,FORM,7,17,b491486f-7d45-4162-bd92-97fad323defa,255,484
2026-07-02T23:26:17.465575,FORM,7,18,b491486f-7d45-4162-bd92-97fad323defa,255,484
2026-07-02T23:26:18.206275,FORM,7,19,b491486f-7d45-4162-bd92-97fad323defa,255,484
2026-07-02T23:26:18.938835,FORM,7,20,b491486f-7d45-4162-bd92-97fad323defa,255,484
2026-07-02T23:26:19.672888,FORM,7,21,b491486f-7d45-4162-bd92-97fad323defa,255,484
2026-07-02T23:26:20.405539,FORM,7,22,b491486f-7d45-4162-bd92-97fad323defa,255,484
2026-07-02T23:26:21.140503,FORM,7,23,b491486f-7d45-4162-bd92-97fad323defa,255,484
2026-07-02T23:26:21.878898,FORM,7,24,b491486f-7d45-4162-bd92-97fad323defa,255,484
2026-07-02T23:26:22.610470,FORM,7,25,b491486f-7d45-4162-bd92-97fad323defa,255,484
2026-07-02T23:26:23.348393,FORM,7,26,b491486f-7d45-4162-bd92-97fad323defa,255,484
2026-07-02T23:26:24.084905,FORM,7,27,b491486f-7d45-4162-bd92-97fad323defa,255,484
2026-07-02T23:26:24.815468,FORM,7,28,b491486f-7d45-4162-bd92-97fad323defa,255,484
2026-07-02T23:26:25.551924,FORM,7,29,b491486f-7d45-4162-bd92-97fad323defa,255,484
2026-07-02T23:26:26.285615,FORM,7,30,b491486f-7d45-4162-bd92-97fad323defa,255,484
2026-07-02T23:26:27.020692,FORM,7,31,b491486f-7d45-4162-bd92-97fad323defa,255,484
2026-07-02T23:26:27.755676,FORM,7,32,b491486f-7d45-4162-bd92-97fad323defa,255,484
2026-07-02T23:26:28.490431,FORM,7,33,b491486f-7d45-4162-bd92-97fad323defa,255,484
2026-07-02T23:26:29.230505,FORM,7,34,b491486f-7d45-4162-bd92-97fad323defa,255,484
2026-07-02T23:26:29.963833,FORM,7,35,b491486f-7d45-4162-bd92-97fad323defa,255,484
2026-07-02T23:26:30.695553,FORM,7,36,b491486f-7d45-4162-bd92-97fad323defa,255,484
2026-07-02T23:26:31.430624,FORM,7,37,b491486f-7d45-4162-bd92-97fad323defa,255,484
2026-07-02T23:26:32.165611,FORM,7,38,b491486f-7d45-4162-bd92-97fad323defa,255,484
2026-07-02T23:26:32.900597,FORM,7,39,b491486f-7d45-4162-bd92-97fad323defa,255,484
2026-07-02T23:26:33.635912,FORM,7,40,b491486f-7d45-4162-bd92-97fad323defa,255,484
2026-07-02T23:26:34.372726,FORM,7,41,b491486f-7d45-4162-bd92-97fad323defa,255,484
2026-07-02T23:26:35.105530,FORM,7,42,b491486f-7d45-4162-bd92-97fad323defa,255,484
2026-07-02T23:26:35.840668,FORM,7,43,b491486f-7d45-4162-bd92-97fad323defa,255,484
2026-07-02T23:26:36.575617,FORM,7,44,b491486f-7d45-4162-bd92-97fad323defa,255,484
2026-07-02T23:26:37.310568,FORM,7,45,b491486f-7d45-4162-bd92-97fad323defa,255,484
2026-07-02T23:26:38.045615,FORM,7,46,b491486f-7d45-4162-bd92-97fad323defa,255,484
2026-07-02T23:26:38.780507,FORM,7,47,b491486f-7d45-4162-bd92-97fad323defa,255,484
2026-07-02T23:26:39.515302,FORM,7,48,b491486f-7d45-4162-bd92-97fad323defa,255,484
2026-07-02T23:26:40.250623,FORM,7,49,b491486f-7d45-4162-bd92-97fad323defa,255,484
2026-07-02T23:26:40.985420,FORM,7,50,b491486f-7d45-4162-bd92-97fad323defa,255,484
2026-07-02T23:26:41.720895,FORM,7,51,b491486f-7d45-4162-bd92-97fad323defa,255,484
2026-07-02T23:26:42.456165,FORM,7,52,b491486f-7d45-4162-bd92-97fad323defa,255,484
2026-07-02T23:26:43.196022,FORM,7,53,b491486f-7d45-4162-bd92-97fad323defa,255,484
2026-07-02T23:26:43.929694,FORM,7,54,b491486f-7d45-4162-bd92-97fad323defa,255,484
2026-07-02T23:26:44.660453,FORM,7,55,b491486f-7d45-4162-bd92-97fad323defa,255,484
2026-07-02T23:26:45.401066,FORM,7,56,b491486f-7d45-4162-bd92-97fad323defa,255,484
2026-07-02T23:26:46.132034,FORM,7,57,b491486f-7d45-4162-bd92-97fad323defa,255,484
2026-07-02T23:26:46.866698,FORM,7,58,b491486f-7d45-4162-bd92-97fad323defa,255,484
2026-07-02T23:26:47.605743,FORM,7,59,b491486f-7d45-4162-bd92-97fad323defa,255,484
2026-07-02T23:26:48.335351,FORM,7,60,b491486f-7d45-4162-bd92-97fad323defa,255,484
2026-07-02T23:26:49.075086,FORM,7,61,b491486f-7d45-4162-bd92-97fad323defa,255,484
2026-07-02T23:26:49.805772,FORM,7,62,b491486f-7d45-4162-bd92-97fad323defa,255,484
2026-07-02T23:26:50.546610,FORM,7,63,b491486f-7d45-4162-bd92-97fad323defa,255,484
2026-07-02T23:26:51.275644,FORM,7,64,b491486f-7d45-4162-bd92-97fad323defa,255,484
2026-07-02T23:26:52.010651,FORM,7,65,b491486f-7d45-4162-bd92-97fad323defa,255,484
2026-07-02T23:26:52.747096,FORM,7,66,b491486f-7d45-4162-bd92-97fad323defa,255,484
2026-07-02T23:26:53.484673,FORM,7,67,b491486f-7d45-4162-bd92-97fad323defa,255,484
2026-07-02T23:26:54.220936,FORM,7,68,b491486f-7d45-4162-bd92-97fad323defa,255,484
2026-07-02T23:26:54.950569,FORM,7,69,b491486f-7d45-4162-bd92-97fad323defa,255,484
2026-07-02T23:26:55.685637,FORM,7,70,b491486f-7d45-4162-bd92-97fad323defa,255,484
2026-07-02T23:26:56.421612,FORM,7,71,b491486f-7d45-4162-bd92-97fad323defa,255,484
2026-07-02T23:26:57.155646,FORM,7,72,b491486f-7d45-4162-bd92-97fad323defa,255,484
2026-07-02T23:26:57.890706,FORM,7,73,b491486f-7d45-4162-bd92-97fad323defa,255,484
2026-07-02T23:26:58.625729,FORM,7,74,b491486f-7d45-4162-bd92-97fad323defa,255,484
2026-07-02T23:26:59.361306,FORM,7,75,b491486f-7d45-4162-bd92-97fad323defa,255,484
2026-07-02T23:27:00.095713,FORM,7,76,b491486f-7d45-4162-bd92-97fad323defa,255,484
2026-07-02T23:27:00.830577,FORM,7,77,b491486f-7d45-4162-bd92-97fad323defa,255,484
2026-07-02T23:27:01.565687,FORM,7,78,b491486f-7d45-4162-bd92-97fad323defa,255,484
2026-07-02T23:27:02.300795,FORM,7,79,b491486f-7d45-4162-bd92-97fad323defa,255,484
2026-07-02T23:27:03.035709,FORM,7,80,b491486f-7d45-4162-bd92-97fad323defa,255,484
2026-07-02T23:27:03.772641,FORM,7,81,b491486f-7d45-4162-bd92-97fad323defa,255,484
2026-07-02T23:27:04.505362,FORM,7,82,b491486f-7d45-4162-bd92-97fad323defa,255,484
2026-07-02T23:27:05.240691,FORM,7,83,b491486f-7d45-4162-bd92-97fad323defa,255,484
2026-07-02T23:27:05.976234,FORM,7,84,b491486f-7d45-4162-bd92-97fad323defa,255,484
2026-07-02T23:27:06.710636,FORM,7,85,b491486f-7d45-4162-bd92-97fad323defa,255,484
2026-07-02T23:27:07.445727,FORM,7,86,b491486f-7d45-4162-bd92-97fad323defa,255,484
2026-07-02T23:27:08.180633,FORM,7,87,b491486f-7d45-4162-bd92-97fad323defa,255,484
2026-07-02T23:27:08.915661,FORM,7,88,b491486f-7d45-4162-bd92-97fad323defa,255,484
2026-07-02T23:27:09.652229,FORM,7,89,b491486f-7d45-4162-bd92-97fad323defa,255,484
2026-07-02T23:27:10.388831,FORM,7,90,b491486f-7d45-4162-bd92-97fad323defa,255,484
2026-07-02T23:27:11.126018,FORM,7,91,b491486f-7d45-4162-bd92-97fad323defa,255,484
2026-07-02T23:27:11.857502,FORM,7,92,b491486f-7d45-4162-bd92-97fad323defa,255,484
2026-07-02T23:27:12.591507,FORM,7,93,b491486f-7d45-4162-bd92-97fad323defa,255,484
2026-07-02T23:27:13.325780,FORM,7,94,b491486f-7d45-4162-bd92-97fad323defa,255,484
2026-07-02T23:27:14.060524,FORM,7,95,b491486f-7d45-4162-bd92-97fad323defa,255,484
2026-07-02T23:27:14.800934,FORM,7,96,b491486f-7d45-4162-bd92-97fad323defa,255,484
2026-07-02T23:27:15.534495,FORM,7,97,b491486f-7d45-4162-bd92-97fad323defa,255,484
2026-07-02T23:27:16.265811,FORM,7,98,b491486f-7d45-4162-bd92-97fad323defa,255,484
2026-07-02T23:27:16.999440,FORM,7,99,b491486f-7d45-4162-bd92-97fad323defa,255,484
